# -----------------------------------------------------------------------,,
# [y] hybris Platform,,
#,,
# Copyright (c) 2017 SAP SE or an SAP affiliate company.  All rights reserved.,,
#,,
# This software is the confidential and proprietary information of SAP,,
# (Confidential Information). You shall not disclose such Confidential,,
# Information and shall use it only in accordance with the terms of the,,
# license agreement you entered into with SAP.,,
# -----------------------------------------------------------------------,,
# ImpEx for Importing Product prices into GP store,,
#% impex.setLocale( Locale.GERMAN ), ,
,,
# Insert Product prices,,
,,
$productCatalog=gpb2cProductCatalog,,
$productCatalogName=GP Product Catalog,,
$prices=Europe1prices[translator=de.hybris.platform.europe1.jalo.impex.Europe1PricesTranslator],,
$catalogVersion=catalogversion(catalog(id[default=$productCatalog]),version[default='Staged'])[unique=true,default=$productCatalog:Staged],,
$baseProduct=baseProduct(code, catalogVersion(catalog(id[default='$productCatalog']),version[default='Staged'])),,
$approved=approvalstatus(code)[default='approved'],,
$taxGroup=Europe1PriceFactory_PTG(code)[default=us-sales-tax-full],,
,,
UPDATE Product,code[unique=true],$prices,$approved,$catalogVersion,$taxGroup,,
,300441142,1 pieces = 117 USD G
,29531,1 pieces = 117 USD G
,29532,1 pieces = 117 USD G
,29533,1 pieces = 117 USD G
,30404,1 pieces = 117 USD G
,300047513,1 pieces = 117 USD G
,45572,1 pieces = 117 USD G
,45573,1 pieces = 117 USD G
,45574,1 pieces = 117 USD G
,45576,1 pieces = 117 USD G
,45577,1 pieces = 117 USD G
,300046592,1 pieces = 117 USD G
,300005449,1 pieces = 117 USD G
,300013358,1 pieces = 117 USD G
,300015407,1 pieces = 117 USD G
,300020294,1 pieces = 117 USD G
,300022348,1 pieces = 117 USD G
,300022349,1 pieces = 117 USD G
,300022352,1 pieces = 117 USD G
,300022356,1 pieces = 117 USD G
,300024964,1 pieces = 117 USD G
,300040462,1 pieces = 117 USD G
,300044323,1 pieces = 123 USD G
,300044596,1 pieces = 123 USD G
,300044599,1 pieces = 123 USD G
,300044600,1 pieces = 123 USD G
,300044601,1 pieces = 123 USD G
,300044617,1 pieces = 123 USD G
,300044623,1 pieces = 123 USD G
,300044624,1 pieces = 123 USD G
,300045375,1 pieces = 123 USD G
,300046522,1 pieces = 123 USD G
,300046587,1 pieces = 123 USD G
,300051511,1 pieces = 123 USD G
,300047195,1 pieces = 123 USD G
,300047196,1 pieces = 123 USD G
,300047199,1 pieces = 123 USD G
,300047436,1 pieces = 123 USD G
,300310070,1 pieces = 123 USD G
,300310086,1 pieces = 123 USD G
,300310163,1 pieces = 123 USD G
,300310180,1 pieces = 123 USD G
,300310300,1 pieces = 123 USD G
,35099,1 pieces = 123 USD G
,35100,1 pieces = 123 USD G
,35101,1 pieces = 123 USD G
,35102,1 pieces = 123 USD G
,35104,1 pieces = 123 USD G
,35105,1 pieces = 123 USD G
,35106,1 pieces = 123 USD G
,35135,1 pieces = 123 USD G
,300147490,1 pieces = 123 USD G
,300147493,1 pieces = 123 USD G
,300147503,1 pieces = 123 USD G
,300147505,1 pieces = 123 USD G
,300020465,1 pieces = 123 USD G
,300020466,1 pieces = 123 USD G
,300026672,1 pieces = 123 USD G
,300026673,1 pieces = 123 USD G
,300026674,1 pieces = 123 USD G
,300026675,1 pieces = 123 USD G
,300026676,1 pieces = 123 USD G
,300026677,1 pieces = 127,55 USD G
,300026678,1 pieces = 127,55 USD G
,300036392,1 pieces = 127,55 USD G
,300036393,1 pieces = 127,55 USD G
,300036394,1 pieces = 127,55 USD G
,300062466,1 pieces = 127,55 USD G
,300076932,1 pieces = 127,55 USD G
,300076933,1 pieces = 127,55 USD G
,300076934,1 pieces = 127,55 USD G
,300076935,1 pieces = 127,55 USD G
,300076936,1 pieces = 127,55 USD G
,300026679,1 pieces = 127,55 USD G
,300026680,1 pieces = 127,55 USD G
,300026681,1 pieces = 127,55 USD G
,300026682,1 pieces = 127,55 USD G
,300026684,1 pieces = 127,55 USD G
,300026685,1 pieces = 127,55 USD G
,300026686,1 pieces = 127,55 USD G
,300026687,1 pieces = 127,55 USD G
,300026688,1 pieces = 127,55 USD G
,300026689,1 pieces = 127,55 USD G
,300026690,1 pieces = 127,55 USD G
,300026691,1 pieces = 127,55 USD G
,300068437,1 pieces = 127,55 USD G
,300040585,1 pieces = 127,55 USD G
,300060389,1 pieces = 127,55 USD G
,300062456,1 pieces = 127,55 USD G
,300060401,1 pieces = 127,55 USD G
,300066928,1 pieces = 127,55 USD G
,300046028,1 pieces = 127,55 USD G
,300046029,1 pieces = 127,55 USD G
,300046030,1 pieces = 127,55 USD G
,300046031,1 pieces = 127,55 USD G
,300046032,1 pieces = 127,55 USD G
,300046033,1 pieces = 127,55 USD G
,300046035,1 pieces = 127,55 USD G
,300067366,1 pieces = 127,55 USD G
,300067367,1 pieces = 127,55 USD G
,300067368,1 pieces = 127,55 USD G
,300067369,1 pieces = 127,55 USD G
,300067371,1 pieces = 127,55 USD G
,300067372,1 pieces = 127,55 USD G
,300046036,1 pieces = 127,55 USD G
,300046037,1 pieces = 127,55 USD G
,300046038,1 pieces = 127,55 USD G
,300046039,1 pieces = 127,55 USD G
,300046043,1 pieces = 127,55 USD G
,300052678,1 pieces = 127,55 USD G
,300067374,1 pieces = 127,55 USD G
,300067375,1 pieces = 127,55 USD G
,300067376,1 pieces = 127,55 USD G
,300067377,1 pieces = 127,55 USD G
,300076093,1 pieces = 127,55 USD G
,300076094,1 pieces = 127,55 USD G
,300147511,1 pieces = 127,55 USD G
,300147512,1 pieces = 127,55 USD G
,300147513,1 pieces = 127,55 USD G
,300050252,1 pieces = 127,55 USD G
,300050253,1 pieces = 127,55 USD G
,300050254,1 pieces = 127,55 USD G
,300050255,1 pieces = 127,55 USD G
,300050256,1 pieces = 127,55 USD G
,300050257,1 pieces = 127,55 USD G
,300050258,1 pieces = 127,55 USD G
,300065500,1 pieces = 127,55 USD G
,300065501,1 pieces = 127,55 USD G
,300150177,1 pieces = 127,55 USD G
,103410,1 pieces = 127,55 USD G
,100191,1 pieces = 127,55 USD G
,94474,1 pieces = 127,55 USD G
,95385,1 pieces = 127,55 USD G
,97602,1 pieces = 127,55 USD G
,94462,1 pieces = 127,55 USD G
,132871,1 pieces = 127,55 USD G
,96977,1 pieces = 127,55 USD G
,96990,1 pieces = 127,55 USD G
,7907,1 pieces = 127,55 USD G
,74036,1 pieces = 127,55 USD G
,5203,1 pieces = 127,55 USD G
,21618,1 pieces = 127,55 USD G
,135304,1 pieces = 127,55 USD G
,102277,1 pieces = 127,55 USD G
,111160,1 pieces = 127,55 USD G
,130663,1 pieces = 127,55 USD G
,117211,1 pieces = 127,55 USD G
,104668,1 pieces = 127,55 USD G
,105979,1 pieces = 127,55 USD G
,96022,1 pieces = 127,55 USD G
,93762,1 pieces = 127,55 USD G
,105977,1 pieces = 127,55 USD G
,100988,1 pieces = 127,55 USD G
,94172,1 pieces = 127,55 USD G
,96026,1 pieces = 127,55 USD G
,111159,1 pieces = 127,55 USD G
,97693,1 pieces = 127,55 USD G
,95521,1 pieces = 127,55 USD G
,95288,1 pieces = 127,55 USD G
,95290,1 pieces = 127,55 USD G
,97692,1 pieces = 127,55 USD G
,95464,1 pieces = 127,55 USD G
,94491,1 pieces = 127,55 USD G
,97788,1 pieces = 127,55 USD G
,94489,1 pieces = 127,55 USD G
,94714,1 pieces = 127,55 USD G
,97607,1 pieces = 127,55 USD G
,94374,1 pieces = 127,55 USD G
,100378,1 pieces = 127,55 USD G
,110839,1 pieces = 127,55 USD G
,101580,1 pieces = 17,99 USD G
,117452,1 pieces = 17,99 USD G
,97199,1 pieces = 17,99 USD G
,108295,1 pieces = 17,99 USD G
,97252,1 pieces = 17,99 USD G
,95361,1 pieces = 17,99 USD G
,102284,1 pieces = 17,99 USD G
,99063,1 pieces = 17,99 USD G
,95353,1 pieces = 17,99 USD G
,95366,1 pieces = 17,99 USD G
,95367,1 pieces = 17,99 USD G
,94942,1 pieces = 17,99 USD G
,107728,1 pieces = 17,99 USD G
,95453,1 pieces = 17,99 USD G
,81252,1 pieces = 17,99 USD G
,98913,1 pieces = 17,99 USD G
,62001,1 pieces = 17,99 USD G
,132042,1 pieces = 17,99 USD G
,98908,1 pieces = 17,99 USD G
,95446,1 pieces = 17,99 USD G
,99145,1 pieces = 17,99 USD G
,95437,1 pieces = 17,99 USD G
,95438,1 pieces = 17,99 USD G
,99146,1 pieces = 17,99 USD G
,103335,1 pieces = 17,99 USD G
,95424,1 pieces = 17,99 USD G
,95430,1 pieces = 17,99 USD G
,95441,1 pieces = 17,99 USD G
,95490,1 pieces = 17,99 USD G
,95482,1 pieces = 17,99 USD G
,99154,1 pieces = 17,99 USD G
,94382,1 pieces = 17,99 USD G
,95484,1 pieces = 17,99 USD G
,100744,1 pieces = 17,99 USD G
,100124,1 pieces = 17,99 USD G
,98929,1 pieces = 17,99 USD G
,100746,1 pieces = 17,99 USD G
,64389,1 pieces = 17,99 USD G
,115195,1 pieces = 17,99 USD G
,111114,1 pieces = 17,99 USD G
,56802,1 pieces = 17,99 USD G
,74844,1 pieces = 17,99 USD G
,51411,1 pieces = 17,99 USD G
,94063,1 pieces = 17,99 USD G
,74818,1 pieces = 17,99 USD G
,115202,1 pieces = 17,99 USD G
,74825,1 pieces = 17,99 USD G
,36265,1 pieces = 17,99 USD G
,43339,1 pieces = 17,99 USD G
,129704,1 pieces = 17,99 USD G
,29160,1 pieces = 17,99 USD G
,104176,1 pieces = 17,99 USD G
,108803,1 pieces = 17,99 USD G
,143906,1 pieces = 17,99 USD G
,121048,1 pieces = 17,99 USD G
,122320,1 pieces = 17,99 USD G
,122312,1 pieces = 17,99 USD G
,122333,1 pieces = 17,99 USD G
,122340,1 pieces = 17,99 USD G
,122800,1 pieces = 17,99 USD G
,122405,1 pieces = 17,99 USD G
,122412,1 pieces = 17,99 USD G
,122409,1 pieces = 17,99 USD G
,122410,1 pieces = 17,99 USD G
,117080,1 pieces = 17,99 USD G
,138966,1 pieces = 17,99 USD G
,140501,1 pieces = 17,99 USD G
,144862,1 pieces = 17,99 USD G
,102278,1 pieces = 17,99 USD G
,129707,1 pieces = 17,99 USD G
,96502,1 pieces = 17,99 USD G
,96001,1 pieces = 17,99 USD G
,104905,1 pieces = 17,99 USD G
,29867,1 pieces = 17,99 USD G
,115754,1 pieces = 17,99 USD G
,115755,1 pieces = 17,99 USD G
,92961,1 pieces = 17,99 USD G
,115753,1 pieces = 17,99 USD G
,5191,1 pieces = 17,99 USD G
,121868,1 pieces = 17,99 USD G
,122447,1 pieces = 17,99 USD G
,83174,1 pieces = 17,99 USD G
,84574,1 pieces = 17,99 USD G
,83223,1 pieces = 17,99 USD G
,118591,1 pieces = 17,99 USD G
,118603,1 pieces = 17,99 USD G
,122041,1 pieces = 17,99 USD G
,118174,1 pieces = 17,99 USD G
,80147,1 pieces = 17,99 USD G
,122394,1 pieces = 17,99 USD G
,118899,1 pieces = 17,99 USD G
,79536,1 pieces = 17,99 USD G
,83025,1 pieces = 17,99 USD G
,92637,1 pieces = 17,99 USD G
,140467,1 pieces = 17,99 USD G
,140458,1 pieces = 17,99 USD G
,121939,1 pieces = 17,99 USD G
,122784,1 pieces = 17,99 USD G
,121941,1 pieces = 17,99 USD G
,121942,1 pieces = 17,99 USD G
,118720,1 pieces = 17,99 USD G
,122459,1 pieces = 17,99 USD G
,122461,1 pieces = 17,99 USD G
,121924,1 pieces = 17,99 USD G
,123970,1 pieces = 17,99 USD G
,124693,1 pieces = 17,99 USD G
,102153,1 pieces = 17,99 USD G
,122233,1 pieces = 17,99 USD G
,122379,1 pieces = 17,99 USD G
,104396,1 pieces = 17,99 USD G
,118833,1 pieces = 17,99 USD G
,104485,1 pieces = 17,99 USD G
,124267,1 pieces = 17,99 USD G
,124269,1 pieces = 17,99 USD G
,124268,1 pieces = 17,99 USD G
,100402,1 pieces = 17,99 USD G
,118514,1 pieces = 17,99 USD G
,115118,1 pieces = 17,99 USD G
,115117,1 pieces = 17,99 USD G
,115061,1 pieces = 17,99 USD G
,122723,1 pieces = 17,99 USD G
,118693,1 pieces = 17,99 USD G
,79889,1 pieces = 17,99 USD G
,63500,1 pieces = 17,99 USD G
,117909,1 pieces = 17,99 USD G
,118859,1 pieces = 17,99 USD G
,118879,1 pieces = 17,99 USD G
,98851,1 pieces = 17,99 USD G
,118871,1 pieces = 17,99 USD G
,117911,1 pieces = 17,99 USD G
,74010,1 pieces = 17,99 USD G
,123922,1 pieces = 17,99 USD G
,98951,1 pieces = 17,99 USD G
,118313,1 pieces = 17,99 USD G
,96162,1 pieces = 17,99 USD G
,122321,1 pieces = 17,99 USD G
,103088,1 pieces = 17,99 USD G
,123759,1 pieces = 17,99 USD G
,122059,1 pieces = 17,99 USD G
,117896,1 pieces = 17,99 USD G
,121832,1 pieces = 17,99 USD G
,118893,1 pieces = 199,99 USD G
,94791,1 pieces = 199,99 USD G
,99277,1 pieces = 199,99 USD G
,118894,1 pieces = 199,99 USD G
,122811,1 pieces = 199,99 USD G
,122670,1 pieces = 199,99 USD G
,117900,1 pieces = 199,99 USD G
,122072,1 pieces = 199,99 USD G
,117204,1 pieces = 199,99 USD G
,117210,1 pieces = 199,99 USD G
,103151,1 pieces = 199,99 USD G
,117205,1 pieces = 199,99 USD G
,122074,1 pieces = 199,99 USD G
,92905,1 pieces = 199,99 USD G
,96097,1 pieces = 199,99 USD G
,116623,1 pieces = 199,99 USD G
,96172,1 pieces = 199,99 USD G
,94415,1 pieces = 199,99 USD G
,74036_red,1 pieces = 199,99 USD G
,21618_-,1 pieces = 199,99 USD G
,135304_neutral,1 pieces = 199,99 USD G
,64389_black+white_marble,1 pieces = 199,99 USD G
,115195_shocking_pink,1 pieces = 199,99 USD G
,111114_black,1 pieces = 199,99 USD G
,56802_dark_wood,1 pieces = 199,99 USD G
,74844_purple+pink+goldenrad,1 pieces = 199,99 USD G
,94063_matte_black+gold,1 pieces = 199,99 USD G
,74818_sky_blue,1 pieces = 199,99 USD G
,74825_gunship,1 pieces = 199,99 USD G
,96502_dark_smoke,1 pieces = 199,99 USD G
,118514_grey,1 pieces = 199,99 USD G
,115118_brown,1 pieces = 199,99 USD G
,115117_green_bronze_mirror,1 pieces = 199,99 USD G
,115061_silver_mirror,1 pieces = 199,99 USD G
,92905_brown_w+bronze_flash,1 pieces = 199,99 USD G
,300460184,1 pieces = 199,99 USD G
,300460185,1 pieces = 199,99 USD G
,300460187,1 pieces = 199,99 USD G
,300441358,1 pieces = 199,99 USD G
,300441354,1 pieces = 199,99 USD G
,300441355,1 pieces = 199,99 USD G
,300441357,1 pieces = 199,99 USD G
,300441362,1 pieces = 199,99 USD G
,300441359,1 pieces = 199,99 USD G
,300441361,1 pieces = 199,99 USD G
,300441363,1 pieces = 199,99 USD G
,300441360,1 pieces = 199,99 USD G
,300399602,1 pieces = 199,99 USD G
,300399603,1 pieces = 199,99 USD G
,300399600,1 pieces = 199,99 USD G
,300399601,1 pieces = 199,99 USD G
,300399590,1 pieces = 199,99 USD G
,300399588,1 pieces = 199,99 USD G
,300399589,1 pieces = 199,99 USD G
,300399596,1 pieces = 199,99 USD G
,300410966,1 pieces = 199,99 USD G
,300410980,1 pieces = 199,99 USD G
,300410977,1 pieces = 199,99 USD G
,300410976,1 pieces = 199,99 USD G
,300410974,1 pieces = 199,99 USD G
,300410962,1 pieces = 199,99 USD G
,300427202,1 pieces = 199,99 USD G
,300427203,1 pieces = 199,99 USD G
,300427205,1 pieces = 199,99 USD G
,300427204,1 pieces = 199,99 USD G
,300405673,1 pieces = 199,99 USD G
,300399419,1 pieces = 199,99 USD G
,300399418,1 pieces = 199,99 USD G
,300399421,1 pieces = 199,99 USD G
,300399420,1 pieces = 199,99 USD G
,300399429,1 pieces = 199,99 USD G
,300399428,1 pieces = 199,99 USD G
,300678854,1 pieces = 199,99 USD G
,300678853,1 pieces = 199,99 USD G
,300678852,1 pieces = 199,99 USD G
,300678856,1 pieces = 199,99 USD G
,300678855,1 pieces = 199,99 USD G
,300678851,1 pieces = 199,99 USD G
,300678848,1 pieces = 199,99 USD G
,300678849,1 pieces = 199,99 USD G
,300678847,1 pieces = 199,99 USD G
,300678850,1 pieces = 199,99 USD G
,300423279,1 pieces = 199,99 USD G
,300423278,1 pieces = 199,99 USD G
,300423287,1 pieces = 199,99 USD G
,300423288,1 pieces = 199,99 USD G
,300423285,1 pieces = 199,99 USD G
,300423284,1 pieces = 199,99 USD G
,300423286,1 pieces = 199,99 USD G
,300423281,1 pieces = 199,99 USD G
,300423282,1 pieces = 199,99 USD G
,300423381,1 pieces = 199,99 USD G
,300423382,1 pieces = 199,99 USD G
,300423388,1 pieces = 199,99 USD G
,300423387,1 pieces = 199,99 USD G
,300423386,1 pieces = 199,99 USD G
,300423385,1 pieces = 199,99 USD G
,10176,1 pieces = 199,99 USD G
,13105,1 pieces = 199,99 USD G
,13106,1 pieces = 199,99 USD G
,300453357,1 pieces = 199,99 USD G
,300453356,1 pieces = 199,99 USD G
,300453365,1 pieces = 199,99 USD G
,300453379,1 pieces = 199,99 USD G
,300453378,1 pieces = 199,99 USD G
,300453377,1 pieces = 199,99 USD G
,300453372,1 pieces = 199,99 USD G
,300453375,1 pieces = 199,99 USD G
,300453374,1 pieces = 199,99 USD G
,300453373,1 pieces = 199,99 USD G
,300552791,1 pieces = 199,99 USD G
,300453380,1 pieces = 199,99 USD G
,300453361,1 pieces = 199,99 USD G
,300453363,1 pieces = 199,99 USD G
,300453371,1 pieces = 199,99 USD G
,300453370,1 pieces = 199,99 USD G
,300453369,1 pieces = 199,99 USD G
,300453368,1 pieces = 199,99 USD G
,300568072,1 pieces = 199,99 USD G
,300515780,1 pieces = 199,99 USD G
,300515779,1 pieces = 199,99 USD G
,300659388,1 pieces = 199,99 USD G
,300564393,1 pieces = 199,99 USD G
,300564391,1 pieces = 199,99 USD G
,300564394,1 pieces = 199,99 USD G
,300564395,1 pieces = 199,99 USD G
,300564392,1 pieces = 199,99 USD G
,300466684,1 pieces = 199,99 USD G
,300466683,1 pieces = 199,99 USD G
,300466682,1 pieces = 199,99 USD G
,300466677,1 pieces = 199,99 USD G
,300466679,1 pieces = 199,99 USD G
,300466680,1 pieces = 199,99 USD G
,300466685,1 pieces = 199,99 USD G
,300466681,1 pieces = 199,99 USD G
,300466678,1 pieces = 199,99 USD G
,300476956,1 pieces = 199,99 USD G
,300476952,1 pieces = 199,99 USD G
,300476954,1 pieces = 199,99 USD G
,300476951,1 pieces = 199,99 USD G
,300476955,1 pieces = 199,99 USD G
,300476953,1 pieces = 199,99 USD G
,300415715,1 pieces = 199,99 USD G
,300415711,1 pieces = 199,99 USD G
,300415708,1 pieces = 199,99 USD G
,300415714,1 pieces = 199,99 USD G
,300415712,1 pieces = 199,99 USD G
,300415713,1 pieces = 199,99 USD G
,300415709,1 pieces = 199,99 USD G
,300415716,1 pieces = 199,99 USD G
,300415710,1 pieces = 199,99 USD G
,300395982,1 pieces = 199,99 USD G
,300395985,1 pieces = 199,99 USD G
,300395984,1 pieces = 199,99 USD G
,300395983,1 pieces = 199,99 USD G
,300476945,1 pieces = 199,99 USD G
,300476944,1 pieces = 199,99 USD G
,300476947,1 pieces = 199,99 USD G
,300476946,1 pieces = 199,99 USD G
,300649655,1 pieces = 199,99 USD G
,300444080,1 pieces = 199,99 USD G
,300396667,1 pieces = 199,99 USD G
,300415739,1 pieces = 199,99 USD G
,300415740,1 pieces = 199,99 USD G
,300415737,1 pieces = 199,99 USD G
,300689176,1 pieces = 199,99 USD G
,300689175,1 pieces = 199,99 USD G
,300689173,1 pieces = 199,99 USD G
,300427744,1 pieces = 199,99 USD G
,300427743,1 pieces = 199,99 USD G
,300427741,1 pieces = 199,99 USD G
,300427735,1 pieces = 199,99 USD G
,300427734,1 pieces = 199,99 USD G
,300427747,1 pieces = 199,99 USD G
,300427739,1 pieces = 199,99 USD G
,300414556,1 pieces = 199,99 USD G
,300414555,1 pieces = 199,99 USD G
,300414553,1 pieces = 199,99 USD G
,300414539,1 pieces = 199,99 USD G
,300414538,1 pieces = 199,99 USD G
,300414541,1 pieces = 199,99 USD G
,300414540,1 pieces = 199,99 USD G
,300414562,1 pieces = 199,99 USD G
,300414561,1 pieces = 199,99 USD G
,300414566,1 pieces = 199,99 USD G
,300414564,1 pieces = 199,99 USD G
,300414563,1 pieces = 199,99 USD G
,300414545,1 pieces = 199,99 USD G
,300414551,1 pieces = 199,99 USD G
,300409038,1 pieces = 199,99 USD G
,300409040,1 pieces = 199,99 USD G
,300409039,1 pieces = 199,99 USD G
,300409041,1 pieces = 199,99 USD G
,300409068,1 pieces = 199,99 USD G
,300409069,1 pieces = 199,99 USD G
,300409062,1 pieces = 199,99 USD G
,300409066,1 pieces = 199,99 USD G
,300409067,1 pieces = 199,99 USD G
,300409065,1 pieces = 199,99 USD G
,300427732,1 pieces = 199,99 USD G
,300427730,1 pieces = 199,99 USD G
,300427731,1 pieces = 199,99 USD G
,300660287,1 pieces = 199,99 USD G
,300427729,1 pieces = 199,99 USD G
,300413166,1 pieces = 199,99 USD G
,300413170,1 pieces = 199,99 USD G
,300413181,1 pieces = 199,99 USD G
,300413180,1 pieces = 199,99 USD G
,300413127,1 pieces = 199,99 USD G
,300413124,1 pieces = 199,99 USD G
,300413138,1 pieces = 199,99 USD G
,300413139,1 pieces = 199,99 USD G
,300413162,1 pieces = 199,99 USD G
,300413163,1 pieces = 199,99 USD G
,300413151,1 pieces = 199,99 USD G
,300413144,1 pieces = 199,99 USD G
,300413142,1 pieces = 199,99 USD G
,300413132,1 pieces = 199,99 USD G
,300413175,1 pieces = 199,99 USD G
,300399859,1 pieces = 199,99 USD G
,300399886,1 pieces = 199,99 USD G
,300399883,1 pieces = 199,99 USD G
,300399877,1 pieces = 199,99 USD G
,300399865,1 pieces = 199,99 USD G
,300460375,1 pieces = 199,99 USD G
,300460373,1 pieces = 199,99 USD G
,300460374,1 pieces = 199,99 USD G
,300428253,1 pieces = 199,99 USD G
,300428252,1 pieces = 199,99 USD G
,300428251,1 pieces = 199,99 USD G
,300428250,1 pieces = 199,99 USD G
,300428256,1 pieces = 199,99 USD G
,300428255,1 pieces = 199,99 USD G
,300428254,1 pieces = 199,99 USD G
,300399822,1 pieces = 199,99 USD G
,300399823,1 pieces = 199,99 USD G
,300399824,1 pieces = 199,99 USD G
,300399821,1 pieces = 199,99 USD G
,300399834,1 pieces = 199,99 USD G
,300402732,1 pieces = 199,99 USD G
,300402743,1 pieces = 199,99 USD G
,300402746,1 pieces = 199,99 USD G
,300402745,1 pieces = 199,99 USD G
,300402768,1 pieces = 199,99 USD G
,300402767,1 pieces = 199,99 USD G
,300402727,1 pieces = 199,99 USD G
,300427243,1 pieces = 199,99 USD G
,300427245,1 pieces = 199,99 USD G
,300427238,1 pieces = 199,99 USD G
,300427239,1 pieces = 199,99 USD G
,300427241,1 pieces = 199,99 USD G
,300427240,1 pieces = 199,99 USD G
,300427237,1 pieces = 199,99 USD G
,300427236,1 pieces = 199,99 USD G
,300427249,1 pieces = 199,99 USD G
,300398347,1 pieces = 199,99 USD G
,300398350,1 pieces = 199,99 USD G
,300398348,1 pieces = 199,99 USD G
,300398337,1 pieces = 199,99 USD G
,300398365,1 pieces = 199,99 USD G
,300398366,1 pieces = 199,99 USD G
,300398368,1 pieces = 199,99 USD G
,300398341,1 pieces = 199,99 USD G
,300398342,1 pieces = 199,99 USD G
,300441900,1 pieces = 199,99 USD G
,300515235,1 pieces = 199,99 USD G
,300447989,1 pieces = 199,99 USD G
,300564864,1 pieces = 199,99 USD G
,300568569,1 pieces = 199,99 USD G
,300423665,1 pieces = 199,99 USD G
,300423664,1 pieces = 199,99 USD G
,300494175,1 pieces = 199,99 USD G
,300494174,1 pieces = 199,99 USD G
,300423718,1 pieces = 199,99 USD G
,300423720,1 pieces = 199,99 USD G
,300410422,1 pieces = 199,99 USD G
,300410410,1 pieces = 199,99 USD G
,300410412,1 pieces = 199,99 USD G
,300410409,1 pieces = 199,99 USD G
,300410400,1 pieces = 199,99 USD G
,300410407,1 pieces = 199,99 USD G
,300410415,1 pieces = 199,99 USD G
,300453455,1 pieces = 199,99 USD G
,300453457,1 pieces = 199,99 USD G
,300438590,1 pieces = 199,99 USD G
,300438592,1 pieces = 199,99 USD G
,300438589,1 pieces = 199,99 USD G
,300410253,1 pieces = 199,99 USD G
,300410252,1 pieces = 199,99 USD G
,300410258,1 pieces = 199,99 USD G
,300410523,1 pieces = 199,99 USD G
,300410520,1 pieces = 199,99 USD G
,300410529,1 pieces = 199,99 USD G
,300410542,1 pieces = 199,99 USD G
,300410535,1 pieces = 199,99 USD G
,300410538,1 pieces = 199,99 USD G
,300405281,1 pieces = 199,99 USD G
,300491716,1 pieces = 199,99 USD G
,300491715,1 pieces = 199,99 USD G
,300412839,1 pieces = 199,99 USD G
,300412823,1 pieces = 199,99 USD G
,300412824,1 pieces = 199,99 USD G
,300412827,1 pieces = 199,99 USD G
,300412826,1 pieces = 199,99 USD G
,300412834,1 pieces = 199,99 USD G
,300412836,1 pieces = 199,99 USD G
,300412816,1 pieces = 199,99 USD G
,300412813,1 pieces = 199,99 USD G
,300412830,1 pieces = 199,99 USD G
,300412831,1 pieces = 199,99 USD G
,300412829,1 pieces = 199,99 USD G
,300412828,1 pieces = 199,99 USD G
,300412843,1 pieces = 199,99 USD G
,300412818,1 pieces = 199,99 USD G
,300412848,1 pieces = 199,99 USD G
,300321401,1 pieces = 199,99 USD G
,300321391,1 pieces = 199,99 USD G
,300438086,1 pieces = 199,99 USD G
,300438085,1 pieces = 199,99 USD G
,300192012,1 pieces = 199,99 USD G
,300673824,1 pieces = 199,99 USD G
,300438056,1 pieces = 199,99 USD G
,300438055,1 pieces = 199,99 USD G
,300438057,1 pieces = 199,99 USD G
,300438062,1 pieces = 199,99 USD G
,300438061,1 pieces = 199,99 USD G
,300752454,1 pieces = 199,99 USD G
,300438060,1 pieces = 199,99 USD G
,300438059,1 pieces = 199,99 USD G
,300671343,1 pieces = 199,99 USD G
,300412628,1 pieces = 199,99 USD G
,300412632,1 pieces = 199,99 USD G
,300412635,1 pieces = 199,99 USD G
,300412637,1 pieces = 199,99 USD G
,300412615,1 pieces = 199,99 USD G
,300412612,1 pieces = 199,99 USD G
,300660327,1 pieces = 199,99 USD G
,300660325,1 pieces = 199,99 USD G
,300660329,1 pieces = 199,99 USD G
,300660313,1 pieces = 199,99 USD G
,300660315,1 pieces = 199,99 USD G
,300438775,1 pieces = 199,99 USD G
,300412398,1 pieces = 199,99 USD G
,300412399,1 pieces = 199,99 USD G
,300412397,1 pieces = 199,99 USD G
,300412396,1 pieces = 199,99 USD G
,300412395,1 pieces = 199,99 USD G
,300412400,1 pieces = 199,99 USD G
,300412415,1 pieces = 199,99 USD G
,300412416,1 pieces = 199,99 USD G
,300412417,1 pieces = 199,99 USD G
,300412418,1 pieces = 199,99 USD G
,300412407,1 pieces = 199,99 USD G
,300412409,1 pieces = 199,99 USD G
,300412408,1 pieces = 199,99 USD G
,300412411,1 pieces = 199,99 USD G
,300412412,1 pieces = 199,99 USD G
,300412424,1 pieces = 199,99 USD G
,300412420,1 pieces = 199,99 USD G
,300412421,1 pieces = 199,99 USD G
,300412419,1 pieces = 199,99 USD G
,300412378,1 pieces = 199,99 USD G
,300412379,1 pieces = 199,99 USD G
,300412377,1 pieces = 199,99 USD G
,300412380,1 pieces = 199,99 USD G
,300412387,1 pieces = 199,99 USD G
,300412384,1 pieces = 199,99 USD G
,300412383,1 pieces = 199,99 USD G
,300412386,1 pieces = 199,99 USD G
,300412401,1 pieces = 199,99 USD G
,300412403,1 pieces = 199,99 USD G
,300412402,1 pieces = 199,99 USD G
,300412405,1 pieces = 199,99 USD G
,300412404,1 pieces = 199,99 USD G
,300412392,1 pieces = 199,99 USD G
,300412431,1 pieces = 199,99 USD G
,300412432,1 pieces = 199,99 USD G
,300412433,1 pieces = 199,99 USD G
,300412434,1 pieces = 199,99 USD G
,300412435,1 pieces = 199,99 USD G
,300412444,1 pieces = 199,99 USD G
,300412450,1 pieces = 199,99 USD G
,300412451,1 pieces = 199,99 USD G
,300412449,1 pieces = 199,99 USD G
,300412453,1 pieces = 199,99 USD G
,300412426,1 pieces = 199,99 USD G
,300412427,1 pieces = 199,99 USD G
,300412425,1 pieces = 199,99 USD G
,300412429,1 pieces = 199,99 USD G
,300412437,1 pieces = 199,99 USD G
,300412438,1 pieces = 199,99 USD G
,300412439,1 pieces = 199,99 USD G
,300412457,1 pieces = 199,99 USD G
,300412455,1 pieces = 199,99 USD G
,300438786,1 pieces = 199,99 USD G
,300438785,1 pieces = 199,99 USD G
,300438788,1 pieces = 199,99 USD G
,300438789,1 pieces = 199,99 USD G
,300438790,1 pieces = 199,99 USD G
,300438791,1 pieces = 199,99 USD G
,300438779,1 pieces = 199,99 USD G
,300438780,1 pieces = 199,99 USD G
,300438781,1 pieces = 199,99 USD G
,300459773,1 pieces = 199,99 USD G
,300459774,1 pieces = 199,99 USD G
,300459772,1 pieces = 199,99 USD G
,300459760,1 pieces = 199,99 USD G
,300459761,1 pieces = 199,99 USD G
,300459762,1 pieces = 199,99 USD G
,300459763,1 pieces = 199,99 USD G
,300459769,1 pieces = 199,99 USD G
,300459767,1 pieces = 199,99 USD G
,300459766,1 pieces = 199,99 USD G
,300412020,1 pieces = 199,99 USD G
,300412021,1 pieces = 199,99 USD G
,300412018,1 pieces = 199,99 USD G
,300412017,1 pieces = 199,99 USD G
,300412019,1 pieces = 199,99 USD G
,300412012,1 pieces = 199,99 USD G
,300412016,1 pieces = 199,99 USD G
,300412033,1 pieces = 199,99 USD G
,300412034,1 pieces = 199,99 USD G
,300412203,1 pieces = 199,99 USD G
,300412202,1 pieces = 199,99 USD G
,300412210,1 pieces = 199,99 USD G
,300412209,1 pieces = 199,99 USD G
,300412211,1 pieces = 199,99 USD G
,300412215,1 pieces = 199,99 USD G
,300412216,1 pieces = 199,99 USD G
,300412214,1 pieces = 199,99 USD G
,300412192,1 pieces = 199,99 USD G
,300412190,1 pieces = 199,99 USD G
,300412221,1 pieces = 199,99 USD G
,300412518,1 pieces = 199,99 USD G
,300412508,1 pieces = 199,99 USD G
,300413975,1 pieces = 199,99 USD G
,300414015,1 pieces = 199,99 USD G
,300414011,1 pieces = 199,99 USD G
,300413992,1 pieces = 199,99 USD G
,300413988,1 pieces = 199,99 USD G
,300413987,1 pieces = 199,99 USD G
,300414030,1 pieces = 199,99 USD G
,300414032,1 pieces = 199,99 USD G
,300413982,1 pieces = 199,99 USD G
,300414005,1 pieces = 199,99 USD G
,300414006,1 pieces = 199,99 USD G
,300414025,1 pieces = 199,99 USD G
,300414022,1 pieces = 199,99 USD G
,300413994,1 pieces = 199,99 USD G
,300413997,1 pieces = 199,99 USD G
,300414001,1 pieces = 199,99 USD G
,300413748,1 pieces = 199,99 USD G
,300413745,1 pieces = 199,99 USD G
,300413752,1 pieces = 199,99 USD G
,300413751,1 pieces = 199,99 USD G
,300413754,1 pieces = 199,99 USD G
,300413753,1 pieces = 199,99 USD G
,300413756,1 pieces = 199,99 USD G
,300413740,1 pieces = 199,99 USD G
,300413735,1 pieces = 199,99 USD G
,300413733,1 pieces = 199,99 USD G
,300413737,1 pieces = 199,99 USD G
,300413738,1 pieces = 199,99 USD G
,300413732,1 pieces = 199,99 USD G
,300413728,1 pieces = 199,99 USD G
,300413759,1 pieces = 199,99 USD G
,300438822,1 pieces = 199,99 USD G
,300438830,1 pieces = 199,99 USD G
,300438826,1 pieces = 199,99 USD G
,300438824,1 pieces = 199,99 USD G
,300438825,1 pieces = 199,99 USD G
,300438823,1 pieces = 199,99 USD G
,300398573,1 pieces = 199,99 USD G
,300398572,1 pieces = 199,99 USD G
,300398581,1 pieces = 199,99 USD G
,300398577,1 pieces = 199,99 USD G
,300398578,1 pieces = 199,99 USD G
,300398595,1 pieces = 199,99 USD G
,300398593,1 pieces = 199,99 USD G
,300398592,1 pieces = 199,99 USD G
,300398591,1 pieces = 199,99 USD G
,300398587,1 pieces = 199,99 USD G
,300398588,1 pieces = 199,99 USD G
,300413797,1 pieces = 199,99 USD G
,300413785,1 pieces = 199,99 USD G
,300413812,1 pieces = 199,99 USD G
,300413811,1 pieces = 199,99 USD G
,300413810,1 pieces = 199,99 USD G
,300413807,1 pieces = 199,99 USD G
,300442966,1 pieces = 199,99 USD G
,300442964,1 pieces = 199,99 USD G
,300441239,1 pieces = 199,99 USD G
,300438151,1 pieces = 199,99 USD G
,300442975,1 pieces = 199,99 USD G
,300122650,1 pieces = 199,99 USD G
,300555911,1 pieces = 199,99 USD G
,300047289,1 pieces = 199,99 USD G
,300079332,1 pieces = 199,99 USD G
,300649633,1 pieces = 199,99 USD G
,300028090,1 pieces = 199,99 USD G
,300464996,1 pieces = 199,99 USD G
,300464995,1 pieces = 199,99 USD G
,300495181,1 pieces = 199,99 USD G
,300495178,1 pieces = 199,99 USD G
,300495175,1 pieces = 199,99 USD G
,300760753,1 pieces = 199,99 USD G
,300760752,1 pieces = 199,99 USD G
,300760755,1 pieces = 199,99 USD G
,300760754,1 pieces = 199,99 USD G
,300589206,1 pieces = 199,99 USD G
,300737417,1 pieces = 199,99 USD G
,300737415,1 pieces = 199,99 USD G
,300737414,1 pieces = 199,99 USD G
,300613255,1 pieces = 199,99 USD G
,300613254,1 pieces = 199,99 USD G
,300737419,1 pieces = 199,99 USD G
,300613253,1 pieces = 199,99 USD G
,300613251,1 pieces = 199,99 USD G
,300613250,1 pieces = 199,99 USD G
,300613252,1 pieces = 199,99 USD G
,300737411,1 pieces = 199,99 USD G
,300613249,1 pieces = 199,99 USD G
,300737425,1 pieces = 199,99 USD G
,300613257,1 pieces = 199,99 USD G
,300737427,1 pieces = 199,99 USD G
,300613260,1 pieces = 199,99 USD G
,300613258,1 pieces = 199,99 USD G
,300613259,1 pieces = 199,99 USD G
,300613165,1 pieces = 199,99 USD G
,300613166,1 pieces = 199,99 USD G
,300613167,1 pieces = 199,99 USD G
,300613168,1 pieces = 199,99 USD G
,300737272,1 pieces = 199,99 USD G
,300737273,1 pieces = 199,99 USD G
,300737288,1 pieces = 199,99 USD G
,300737289,1 pieces = 199,99 USD G
,300737290,1 pieces = 199,99 USD G
,300737291,1 pieces = 199,99 USD G
,300737292,1 pieces = 199,99 USD G
,300613162,1 pieces = 199,99 USD G
,300613163,1 pieces = 199,99 USD G
,300613164,1 pieces = 199,99 USD G
,300737264,1 pieces = 199,99 USD G
,300613161,1 pieces = 199,99 USD G
,300613169,1 pieces = 199,99 USD G
,300613171,1 pieces = 199,99 USD G
,300613172,1 pieces = 199,99 USD G
,300613170,1 pieces = 199,99 USD G
,300737283,1 pieces = 199,99 USD G
,300737280,1 pieces = 199,99 USD G
,300737281,1 pieces = 199,99 USD G
,300737269,1 pieces = 199,99 USD G
,300737268,1 pieces = 199,99 USD G
,300737270,1 pieces = 199,99 USD G
,300613175,1 pieces = 199,99 USD G
,300613176,1 pieces = 199,99 USD G
,300613173,1 pieces = 199,99 USD G
,300613174,1 pieces = 199,99 USD G
,300737295,1 pieces = 199,99 USD G
,300613333,1 pieces = 199,99 USD G
,300613334,1 pieces = 199,99 USD G
,300613336,1 pieces = 199,99 USD G
,300613335,1 pieces = 199,99 USD G
,300613331,1 pieces = 199,99 USD G
,300613332,1 pieces = 199,99 USD G
,300737504,1 pieces = 199,99 USD G
,300613330,1 pieces = 199,99 USD G
,300613329,1 pieces = 199,99 USD G
,300737512,1 pieces = 199,99 USD G
,300737513,1 pieces = 199,99 USD G
,300737511,1 pieces = 199,99 USD G
,300737515,1 pieces = 199,99 USD G
,300737514,1 pieces = 199,99 USD G
,300737506,1 pieces = 199,99 USD G
,300737581,1 pieces = 199,99 USD G
,300737580,1 pieces = 199,99 USD G
,300737579,1 pieces = 199,99 USD G
,300737578,1 pieces = 199,99 USD G
,300613370,1 pieces = 199,99 USD G
,300613369,1 pieces = 199,99 USD G
,300613372,1 pieces = 199,99 USD G
,300613371,1 pieces = 199,99 USD G
,300737584,1 pieces = 199,99 USD G
,300717314,1 pieces = 199,99 USD G
,300717315,1 pieces = 199,99 USD G
,300717313,1 pieces = 199,99 USD G
,300615227,1 pieces = 199,99 USD G
,300615228,1 pieces = 199,99 USD G
,300615226,1 pieces = 199,99 USD G
,300615225,1 pieces = 199,99 USD G
,300615229,1 pieces = 199,99 USD G
,300615232,1 pieces = 199,99 USD G
,300615231,1 pieces = 199,99 USD G
,300615230,1 pieces = 199,99 USD G
,300843064,1 pieces = 199,99 USD G
,300737942,1 pieces = 199,99 USD G
,300737941,1 pieces = 199,99 USD G
,300737945,1 pieces = 199,99 USD G
,300737943,1 pieces = 199,99 USD G
,300737944,1 pieces = 199,99 USD G
,300613616,1 pieces = 199,99 USD G
,300613617,1 pieces = 199,99 USD G
,300613615,1 pieces = 199,99 USD G
,300613618,1 pieces = 199,99 USD G
,300737979,1 pieces = 199,99 USD G
,300737978,1 pieces = 199,99 USD G
,300737977,1 pieces = 199,99 USD G
,300737980,1 pieces = 199,99 USD G
,300737981,1 pieces = 199,99 USD G
,300737950,1 pieces = 199,99 USD G
,300737976,1 pieces = 199,99 USD G
,300737975,1 pieces = 199,99 USD G
,300737967,1 pieces = 199,99 USD G
,300737971,1 pieces = 199,99 USD G
,300613620,1 pieces = 199,99 USD G
,300738207,1 pieces = 199,99 USD G
,300738205,1 pieces = 199,99 USD G
,300738206,1 pieces = 199,99 USD G
,300738203,1 pieces = 199,99 USD G
,300738204,1 pieces = 199,99 USD G
,300613670,1 pieces = 199,99 USD G
,300738208,1 pieces = 199,99 USD G
,300613668,1 pieces = 199,99 USD G
,300613667,1 pieces = 199,99 USD G
,300613669,1 pieces = 199,99 USD G
,300738137,1 pieces = 199,99 USD G
,300738138,1 pieces = 199,99 USD G
,300738136,1 pieces = 199,99 USD G
,300738114,1 pieces = 199,99 USD G
,300738116,1 pieces = 199,99 USD G
,300738118,1 pieces = 199,99 USD G
,300738117,1 pieces = 199,99 USD G
,300738120,1 pieces = 199,99 USD G
,300738121,1 pieces = 199,99 USD G
,300738122,1 pieces = 199,99 USD G
,300738132,1 pieces = 199,99 USD G
,300738133,1 pieces = 199,99 USD G
,300613658,1 pieces = 199,99 USD G
,300613657,1 pieces = 199,99 USD G
,300613656,1 pieces = 199,99 USD G
,300613655,1 pieces = 199,99 USD G
,300738142,1 pieces = 199,99 USD G
,300738144,1 pieces = 199,99 USD G
,300738145,1 pieces = 199,99 USD G
,300738146,1 pieces = 199,99 USD G
,300738159,1 pieces = 199,99 USD G
,300738148,1 pieces = 199,99 USD G
,300613661,1 pieces = 199,99 USD G
,300613662,1 pieces = 199,99 USD G
,300613659,1 pieces = 199,99 USD G
,300564006,1 pieces = 199,99 USD G
,300564007,1 pieces = 199,99 USD G
,300720124,1 pieces = 199,99 USD G
,300720123,1 pieces = 199,99 USD G
,300720126,1 pieces = 199,99 USD G
,300720130,1 pieces = 199,99 USD G
,300720128,1 pieces = 199,99 USD G
,300720127,1 pieces = 199,99 USD G
,300720129,1 pieces = 199,99 USD G
,300720119,1 pieces = 199,99 USD G
,300720120,1 pieces = 199,99 USD G
,300720121,1 pieces = 199,99 USD G
,300720122,1 pieces = 199,99 USD G
,300742888,1 pieces = 199,99 USD G
,300742889,1 pieces = 199,99 USD G
,300742890,1 pieces = 199,99 USD G
,300742892,1 pieces = 199,99 USD G
,300742891,1 pieces = 199,99 USD G
,300742886,1 pieces = 199,99 USD G
,300742887,1 pieces = 199,99 USD G
,300742884,1 pieces = 199,99 USD G
,300742885,1 pieces = 199,99 USD G
,300742883,1 pieces = 199,99 USD G
,300742882,1 pieces = 199,99 USD G
,300742878,1 pieces = 199,99 USD G
,300742881,1 pieces = 199,99 USD G
,300742879,1 pieces = 199,99 USD G
,300742880,1 pieces = 199,99 USD G
,300772561,1 pieces = 199,99 USD G
,300772560,1 pieces = 199,99 USD G
,300772562,1 pieces = 199,99 USD G
,300772559,1 pieces = 199,99 USD G
,300453387,1 pieces = 199,99 USD G
,300453388,1 pieces = 199,99 USD G
,300453389,1 pieces = 199,99 USD G
,300453390,1 pieces = 199,99 USD G
,300453392,1 pieces = 199,99 USD G
,300453391,1 pieces = 199,99 USD G
,300453395,1 pieces = 199,99 USD G
,300453394,1 pieces = 199,99 USD G
,300453393,1 pieces = 199,99 USD G
,300453384,1 pieces = 199,99 USD G
,300453385,1 pieces = 199,99 USD G
,300453386,1 pieces = 199,99 USD G
,300453397,1 pieces = 199,99 USD G
,300453398,1 pieces = 199,99 USD G
,300453396,1 pieces = 199,99 USD G
,300649636,1 pieces = 199,99 USD G
,300415611,1 pieces = 199,99 USD G
,300415612,1 pieces = 199,99 USD G
,300415613,1 pieces = 199,99 USD G
,300467248,1 pieces = 199,99 USD G
,300467249,1 pieces = 199,99 USD G
,300029866,1 pieces = 199,99 USD G
,300558998,1 pieces = 199,99 USD G
,300558999,1 pieces = 199,99 USD G
,300393425,1 pieces = 199,99 USD G
,300558997,1 pieces = 199,99 USD G
,9810,1 pieces = 199,99 USD G
,300786274,1 pieces = 199,99 USD G
,300786276,1 pieces = 199,99 USD G
,300786275,1 pieces = 199,99 USD G
,300786277,1 pieces = 199,99 USD G
,300610919,1 pieces = 199,99 USD G
,300610921,1 pieces = 199,99 USD G
,300610922,1 pieces = 199,99 USD G
,300610920,1 pieces = 199,99 USD G
,300610925,1 pieces = 199,99 USD G
,300610926,1 pieces = 199,99 USD G
,300610923,1 pieces = 199,99 USD G
,300610924,1 pieces = 199,99 USD G
,300613800,1 pieces = 199,99 USD G
,300613799,1 pieces = 199,99 USD G
,300613802,1 pieces = 199,99 USD G
,300613801,1 pieces = 199,99 USD G
,300389096,1 pieces = 199,99 USD G
,300389094,1 pieces = 199,99 USD G
,300389095,1 pieces = 199,99 USD G
,300389093,1 pieces = 199,99 USD G
,300389772,1 pieces = 199,99 USD G
,300389773,1 pieces = 199,99 USD G
,300389774,1 pieces = 199,99 USD G
,300389777,1 pieces = 199,99 USD G
,300389778,1 pieces = 199,99 USD G
,300389779,1 pieces = 199,99 USD G
,300389276,1 pieces = 199,99 USD G
,300389279,1 pieces = 199,99 USD G
,300784672,1 pieces = 199,99 USD G
,300784667,1 pieces = 199,99 USD G
,300784666,1 pieces = 199,99 USD G
,300784668,1 pieces = 199,99 USD G
,300784670,1 pieces = 199,99 USD G
,300606759,1 pieces = 199,99 USD G
,300784663,1 pieces = 199,99 USD G
,300606761,1 pieces = 199,99 USD G
,300606760,1 pieces = 199,99 USD G
,300606763,1 pieces = 199,99 USD G
,300606765,1 pieces = 199,99 USD G
,300606766,1 pieces = 199,99 USD G
,300606787,1 pieces = 199,99 USD G
,300606789,1 pieces = 199,99 USD G
,300606783,1 pieces = 199,99 USD G
,300606785,1 pieces = 199,99 USD G
,300606784,1 pieces = 199,99 USD G
,300784690,1 pieces = 199,99 USD G
,300784691,1 pieces = 199,99 USD G
,300784688,1 pieces = 199,99 USD G
,300784686,1 pieces = 199,99 USD G
,300784684,1 pieces = 199,99 USD G
,300784685,1 pieces = 199,99 USD G
,300784681,1 pieces = 199,99 USD G
,300784676,1 pieces = 199,99 USD G
,300784677,1 pieces = 199,99 USD G
,300784679,1 pieces = 199,99 USD G
,300784682,1 pieces = 199,99 USD G
,300606908,1 pieces = 199,99 USD G
,300784801,1 pieces = 199,99 USD G
,300606910,1 pieces = 199,99 USD G
,300606907,1 pieces = 199,99 USD G
,300606904,1 pieces = 199,99 USD G
,300606905,1 pieces = 199,99 USD G
,300784793,1 pieces = 199,99 USD G
,300784795,1 pieces = 199,99 USD G
,300784794,1 pieces = 199,99 USD G
,300784797,1 pieces = 199,99 USD G
,300784799,1 pieces = 199,99 USD G
,300611667,1 pieces = 199,99 USD G
,300611665,1 pieces = 199,99 USD G
,300611666,1 pieces = 199,99 USD G
,300611663,1 pieces = 199,99 USD G
,300611664,1 pieces = 199,99 USD G
,300755976,1 pieces = 199,99 USD G
,300755977,1 pieces = 199,99 USD G
,300604900,1 pieces = 199,99 USD G
,300604898,1 pieces = 199,99 USD G
,300604899,1 pieces = 199,99 USD G
,300604897,1 pieces = 199,99 USD G
,300604896,1 pieces = 199,99 USD G
,300313718,1 pieces = 199,99 USD G
,300313722,1 pieces = 199,99 USD G
,300313727,1 pieces = 199,99 USD G
,300313726,1 pieces = 199,99 USD G
,300313729,1 pieces = 199,99 USD G
,300313710,1 pieces = 199,99 USD G
,300613583,1 pieces = 199,99 USD G
,300613586,1 pieces = 199,99 USD G
,300613585,1 pieces = 199,99 USD G
,300613584,1 pieces = 199,99 USD G
,300608426,1 pieces = 199,99 USD G
,300608425,1 pieces = 199,99 USD G
,300608428,1 pieces = 199,99 USD G
,300608427,1 pieces = 199,99 USD G
,300785915,1 pieces = 199,99 USD G
,300785916,1 pieces = 199,99 USD G
,300785913,1 pieces = 199,99 USD G
,300785914,1 pieces = 199,99 USD G
,300383695,1 pieces = 199,99 USD G
,300383696,1 pieces = 199,99 USD G
,300388629,1 pieces = 199,99 USD G
,300392200,1 pieces = 199,99 USD G
,300392196,1 pieces = 199,99 USD G
,300742616,1 pieces = 199,99 USD G
,300742619,1 pieces = 199,99 USD G
,300742610,1 pieces = 199,99 USD G
,300742611,1 pieces = 199,99 USD G
,300742612,1 pieces = 199,99 USD G
,300742613,1 pieces = 199,99 USD G
,300742614,1 pieces = 199,99 USD G
,300742606,1 pieces = 199,99 USD G
,300742607,1 pieces = 199,99 USD G
,300742605,1 pieces = 199,99 USD G
,300742608,1 pieces = 199,99 USD G
,300742609,1 pieces = 199,99 USD G
,300742515,1 pieces = 199,99 USD G
,300742519,1 pieces = 199,99 USD G
,300742518,1 pieces = 199,99 USD G
,300742517,1 pieces = 199,99 USD G
,300742516,1 pieces = 199,99 USD G
,300742514,1 pieces = 199,99 USD G
,300742513,1 pieces = 199,99 USD G
,300742512,1 pieces = 199,99 USD G
,300742511,1 pieces = 199,99 USD G
,300742510,1 pieces = 199,99 USD G
,300611189,1 pieces = 199,99 USD G
,300611188,1 pieces = 199,99 USD G
,300611187,1 pieces = 199,99 USD G
,300611186,1 pieces = 199,99 USD G
,300611185,1 pieces = 199,99 USD G
,300611184,1 pieces = 199,99 USD G
,300615121,1 pieces = 199,99 USD G
,300615120,1 pieces = 199,99 USD G
,300615122,1 pieces = 199,99 USD G
,300615119,1 pieces = 199,99 USD G
,300615118,1 pieces = 199,99 USD G
,300786361,1 pieces = 199,99 USD G
,300786362,1 pieces = 199,99 USD G
,300786363,1 pieces = 199,99 USD G
,300786360,1 pieces = 199,99 USD G
,300611201,1 pieces = 199,99 USD G
,300611198,1 pieces = 199,99 USD G
,300611197,1 pieces = 199,99 USD G
,300611199,1 pieces = 199,99 USD G
,300611196,1 pieces = 199,99 USD G
,300611200,1 pieces = 199,99 USD G
,300786357,1 pieces = 199,99 USD G
,300786356,1 pieces = 199,99 USD G
,300786355,1 pieces = 199,99 USD G
,300786369,1 pieces = 199,99 USD G
,300786366,1 pieces = 199,99 USD G
,300786368,1 pieces = 199,99 USD G
,300786367,1 pieces = 199,99 USD G
,300611202,1 pieces = 199,99 USD G
,300611204,1 pieces = 199,99 USD G
,300611203,1 pieces = 199,99 USD G
,300611206,1 pieces = 199,99 USD G
,300611205,1 pieces = 199,99 USD G
,300611207,1 pieces = 199,99 USD G
,300791722,1 pieces = 199,99 USD G
,300791723,1 pieces = 199,99 USD G
,300607492,1 pieces = 199,99 USD G
,300607491,1 pieces = 199,99 USD G
,300607490,1 pieces = 199,99 USD G
,300607489,1 pieces = 199,99 USD G
,300607488,1 pieces = 199,99 USD G
,300791706,1 pieces = 199,99 USD G
,300791705,1 pieces = 199,99 USD G
,300791708,1 pieces = 199,99 USD G
,300791707,1 pieces = 199,99 USD G
,300791709,1 pieces = 199,99 USD G
,300791704,1 pieces = 199,99 USD G
,300791711,1 pieces = 199,99 USD G
,300613859,1 pieces = 199,99 USD G
,300613861,1 pieces = 199,99 USD G
,300611156,1 pieces = 199,99 USD G
,300617559,1 pieces = 199,99 USD G
,300619188,1 pieces = 199,99 USD G
,300452191,1 pieces = 199,99 USD G
,300612775,1 pieces = 199,99 USD G
,300613490,1 pieces = 199,99 USD G
,300613491,1 pieces = 199,99 USD G
,300465914,1 pieces = 199,99 USD G
,300608126,1 pieces = 199,99 USD G
,300466076,1 pieces = 199,99 USD G
,300466077,1 pieces = 199,99 USD G
,300618505,1 pieces = 199,99 USD G
,300618507,1 pieces = 199,99 USD G
,300618506,1 pieces = 199,99 USD G
,300441924,1 pieces = 199,99 USD G
,300614881,1 pieces = 199,99 USD G
,300614880,1 pieces = 199,99 USD G
,300614882,1 pieces = 199,99 USD G
,300614877,1 pieces = 199,99 USD G
,300614878,1 pieces = 199,99 USD G
,300614879,1 pieces = 199,99 USD G
,300691216,1 pieces = 199,99 USD G
,300385273,1 pieces = 199,99 USD G
,300385272,1 pieces = 199,99 USD G
,300202725,1 pieces = 199,99 USD G
,300604643,1 pieces = 199,99 USD G
,300604644,1 pieces = 199,99 USD G
,300604645,1 pieces = 199,99 USD G
,300604640,1 pieces = 199,99 USD G
,300604641,1 pieces = 199,99 USD G
,300604642,1 pieces = 199,99 USD G
,300608208,1 pieces = 199,99 USD G
,300608209,1 pieces = 199,99 USD G
,300608207,1 pieces = 199,99 USD G
,300785802,1 pieces = 199,99 USD G
,300608307,1 pieces = 199,99 USD G
,300608306,1 pieces = 199,99 USD G
,300608308,1 pieces = 199,99 USD G
,300608309,1 pieces = 199,99 USD G
,300515172,1 pieces = 199,99 USD G
,300608278,1 pieces = 199,99 USD G
,300608277,1 pieces = 199,99 USD G
,300785815,1 pieces = 199,99 USD G
,300785814,1 pieces = 199,99 USD G
,300604648,1 pieces = 199,99 USD G
,300604650,1 pieces = 199,99 USD G
,300604649,1 pieces = 199,99 USD G
,300321070,1 pieces = 199,99 USD G
,300617317,1 pieces = 199,99 USD G
,300617318,1 pieces = 199,99 USD G
,300617319,1 pieces = 199,99 USD G
,300617320,1 pieces = 199,99 USD G
,300617321,1 pieces = 199,99 USD G
,300617326,1 pieces = 199,99 USD G
,300617324,1 pieces = 199,99 USD G
,300617325,1 pieces = 199,99 USD G
,300617330,1 pieces = 199,99 USD G
,300617329,1 pieces = 199,99 USD G
,300617328,1 pieces = 199,99 USD G
,300617331,1 pieces = 199,99 USD G
,300438214,1 pieces = 199,99 USD G
,300605286,1 pieces = 199,99 USD G
,300605287,1 pieces = 199,99 USD G
,300605282,1 pieces = 199,99 USD G
,300605283,1 pieces = 199,99 USD G
,300605284,1 pieces = 199,99 USD G
,300605285,1 pieces = 199,99 USD G
,300605299,1 pieces = 199,99 USD G
,300605297,1 pieces = 199,99 USD G
,300605298,1 pieces = 199,99 USD G
,300605295,1 pieces = 199,99 USD G
,300605296,1 pieces = 199,99 USD G
,300605294,1 pieces = 199,99 USD G
,300753484,1 pieces = 199,99 USD G
,300605300,1 pieces = 199,99 USD G
,300605303,1 pieces = 199,99 USD G
,300605301,1 pieces = 199,99 USD G
,300605302,1 pieces = 199,99 USD G
,300605311,1 pieces = 199,99 USD G
,300605312,1 pieces = 199,99 USD G
,300605313,1 pieces = 199,99 USD G
,300605314,1 pieces = 199,99 USD G
,300605329,1 pieces = 199,99 USD G
,300605334,1 pieces = 199,99 USD G
,300605330,1 pieces = 199,99 USD G
,300605332,1 pieces = 199,99 USD G
,300605308,1 pieces = 199,99 USD G
,300605307,1 pieces = 199,99 USD G
,300605306,1 pieces = 199,99 USD G
,300605305,1 pieces = 199,99 USD G
,300605309,1 pieces = 199,99 USD G
,300605310,1 pieces = 199,99 USD G
,300605288,1 pieces = 199,99 USD G
,300605289,1 pieces = 199,99 USD G
,300605293,1 pieces = 199,99 USD G
,300605291,1 pieces = 199,99 USD G
,300605292,1 pieces = 199,99 USD G
,300605290,1 pieces = 199,99 USD G
,300605317,1 pieces = 199,99 USD G
,300605319,1 pieces = 199,99 USD G
,300605318,1 pieces = 199,99 USD G
,300605321,1 pieces = 199,99 USD G
,300605322,1 pieces = 199,99 USD G
,300605320,1 pieces = 199,99 USD G
,300605328,1 pieces = 199,99 USD G
,300605325,1 pieces = 199,99 USD G
,300605326,1 pieces = 199,99 USD G
,300605323,1 pieces = 199,99 USD G
,300605324,1 pieces = 199,99 USD G
,300417110,1 pieces = 199,99 USD G
,300417113,1 pieces = 199,99 USD G
,300417114,1 pieces = 199,99 USD G
,300417115,1 pieces = 199,99 USD G
,300417116,1 pieces = 199,99 USD G
,300417104,1 pieces = 199,99 USD G
,300417105,1 pieces = 199,99 USD G
,300613264,1 pieces = 199,99 USD G
,300613263,1 pieces = 199,99 USD G
,300613262,1 pieces = 199,99 USD G
,300613261,1 pieces = 199,99 USD G
,300737429,1 pieces = 199,99 USD G
,300737430,1 pieces = 199,99 USD G
,300613268,1 pieces = 199,99 USD G
,300613267,1 pieces = 199,99 USD G
,300613266,1 pieces = 199,99 USD G
,300613265,1 pieces = 199,99 USD G
,300613272,1 pieces = 199,99 USD G
,300613269,1 pieces = 199,99 USD G
,300613271,1 pieces = 199,99 USD G
,300613270,1 pieces = 199,99 USD G
,300458977,1 pieces = 199,99 USD G
,300458967,1 pieces = 199,99 USD G
,300458968,1 pieces = 199,99 USD G
,300458969,1 pieces = 199,99 USD G
,300617129,1 pieces = 199,99 USD G
,300617132,1 pieces = 199,99 USD G
,300617131,1 pieces = 199,99 USD G
,300617130,1 pieces = 199,99 USD G
,300617127,1 pieces = 199,99 USD G
,300617126,1 pieces = 199,99 USD G
,300617128,1 pieces = 199,99 USD G
,300617125,1 pieces = 199,99 USD G
,300756155,1 pieces = 199,99 USD G
,300756156,1 pieces = 199,99 USD G
,300611801,1 pieces = 199,99 USD G
,300611802,1 pieces = 199,99 USD G
,300611800,1 pieces = 199,99 USD G
,300611803,1 pieces = 199,99 USD G
,300756150,1 pieces = 199,99 USD G
,300756151,1 pieces = 199,99 USD G
,300756152,1 pieces = 199,99 USD G
,300756153,1 pieces = 199,99 USD G
,300756154,1 pieces = 199,99 USD G
,300604611,1 pieces = 199,99 USD G
,300604615,1 pieces = 199,99 USD G
,300604614,1 pieces = 199,99 USD G
,300604613,1 pieces = 199,99 USD G
,300604612,1 pieces = 199,99 USD G
,300610765,1 pieces = 199,99 USD G
,300610764,1 pieces = 199,99 USD G
,300610763,1 pieces = 199,99 USD G
,300610762,1 pieces = 199,99 USD G
,300610761,1 pieces = 199,99 USD G
,300610760,1 pieces = 199,99 USD G
,300610759,1 pieces = 199,99 USD G
,300610758,1 pieces = 199,99 USD G
,300610768,1 pieces = 199,99 USD G
,300610767,1 pieces = 199,99 USD G
,300610766,1 pieces = 199,99 USD G
,300610769,1 pieces = 199,99 USD G
,300608387,1 pieces = 199,99 USD G
,300608386,1 pieces = 199,99 USD G
,300608389,1 pieces = 199,99 USD G
,300608388,1 pieces = 199,99 USD G
,300608390,1 pieces = 199,99 USD G
,300608395,1 pieces = 199,99 USD G
,300608392,1 pieces = 199,99 USD G
,300608391,1 pieces = 199,99 USD G
,300608393,1 pieces = 199,99 USD G
,300608396,1 pieces = 199,99 USD G
,300608398,1 pieces = 199,99 USD G
,300608397,1 pieces = 199,99 USD G
,300608400,1 pieces = 199,99 USD G
,300404090,1 pieces = 199,99 USD G
,300404092,1 pieces = 199,99 USD G
,300439075,1 pieces = 199,99 USD G
,300439074,1 pieces = 199,99 USD G
,300439071,1 pieces = 199,99 USD G
,300608401,1 pieces = 199,99 USD G
,300608402,1 pieces = 199,99 USD G
,300608405,1 pieces = 199,99 USD G
,300608403,1 pieces = 199,99 USD G
,300736128,1 pieces = 199,99 USD G
,300736133,1 pieces = 199,99 USD G
,300717428,1 pieces = 199,99 USD G
,300717429,1 pieces = 199,99 USD G
,300717432,1 pieces = 199,99 USD G
,300717430,1 pieces = 199,99 USD G
,300717423,1 pieces = 199,99 USD G
,300717425,1 pieces = 199,99 USD G
,300717424,1 pieces = 199,99 USD G
,300717427,1 pieces = 199,99 USD G
,300717426,1 pieces = 199,99 USD G
,300717444,1 pieces = 199,99 USD G
,300717445,1 pieces = 199,99 USD G
,300717443,1 pieces = 199,99 USD G
,300615286,1 pieces = 199,99 USD G
,300615287,1 pieces = 199,99 USD G
,300615288,1 pieces = 199,99 USD G
,300615289,1 pieces = 199,99 USD G
,300615290,1 pieces = 199,99 USD G
,300717435,1 pieces = 199,99 USD G
,300717437,1 pieces = 199,99 USD G
,300717433,1 pieces = 199,99 USD G
,300717434,1 pieces = 199,99 USD G
,300717440,1 pieces = 199,99 USD G
,300717439,1 pieces = 199,99 USD G
,300614712,1 pieces = 199,99 USD G
,300614713,1 pieces = 199,99 USD G
,300614710,1 pieces = 199,99 USD G
,300614711,1 pieces = 199,99 USD G
,300604624,1 pieces = 199,99 USD G
,300604625,1 pieces = 199,99 USD G
,300604622,1 pieces = 199,99 USD G
,300604623,1 pieces = 199,99 USD G
,300604627,1 pieces = 199,99 USD G
,300604626,1 pieces = 199,99 USD G
,300611880,1 pieces = 199,99 USD G
,300611881,1 pieces = 199,99 USD G
,300611884,1 pieces = 199,99 USD G
,300611885,1 pieces = 199,99 USD G
,300650114,1 pieces = 199,99 USD G
,300564390,1 pieces = 199,99 USD G
,300459466,1 pieces = 199,99 USD G
,300564385,1 pieces = 199,99 USD G
,300756252,1 pieces = 199,99 USD G
,300639541,1 pieces = 199,99 USD G
,300639540,1 pieces = 199,99 USD G
,300416127,1 pieces = 199,99 USD G
,300416129,1 pieces = 199,99 USD G
,300416139,1 pieces = 199,99 USD G
,300416140,1 pieces = 199,99 USD G
,300562200,1 pieces = 199,99 USD G
,300417321,1 pieces = 199,99 USD G
,300417310,1 pieces = 199,99 USD G
,300417324,1 pieces = 199,99 USD G
,300398794,1 pieces = 199,99 USD G
,300398801,1 pieces = 199,99 USD G
